Designator;Mid X mm (mm);Mid Y mm (mm);Layer;Rotation
BLM1;56.554;51.594;Top;269.99
BLM2;134.938;194.151;Top;0.0
BLM3;121.761;149.066;Top;180.0
BLM4;55.794;102.943;Top;90.0
BLM5;59.69;106.371;Top;180.0
BLM6;59.055;82.868;Top;180.0
BLM7;54.769;69.85;Top;0.0
BLM8;75.089;196.056;Top;180.0
BLM9;54.769;93.504;Top;0.0
BLM10;55.721;79.692;Top;90.0
BLM11;113.983;186.373;Top;180.0
BLM12;55.721;86.042;Top;270.0
BLM14;121.761;121.126;Bottom;90.0
BLM15;124.619;87.63;Bottom;180.0
BLM16;55.794;109.724;Top;270.0
BLM17;64.77;52.546;Top;0.0
BLM18;109.696;151.765;Top;270.0
BLM19;8.414;131.286;Top;90.0
C1;16.669;46.196;Top;0.0
C2;116.391;41.134;Top;0.0
C3;57.841;102.916;Top;270.0
C4;17.939;94.784;Top;90.0
C5;122.872;129.222;Bottom;180.0
C6;122.555;43.18;Top;180.0
C7;122.714;41.116;Top;180.0
C8;130.334;50.482;Top;90.0
C9;29.527;147.161;Top;180.0
C10;29.527;145.098;Top;180.0
C11;126.683;29.369;Top;90.0
C12;57.471;86.214;Top;270.0
C13;133.668;83.503;Top;90.0
C14;58.346;68.496;Top;90.0
C15;116.84;143.034;Top;0.0
C16;19.844;115.094;Top;180.0
C17;9.208;133.985;Top;180.0
C18;134.62;190.659;Top;270.0
C19;17.939;90.329;Top;270.0
C20;58.261;91.916;Top;90.0
C21;126.683;20.32;Top;90.0
C22;101.759;29.369;Top;90.0
C23;59.849;80.486;Top;270.0
C24;128.429;111.601;Top;180.0
C25;9.208;136.049;Top;180.0
C26;72.231;59.055;Top;0.0
C27;22.066;46.196;Top;180.0
C28;7.461;33.973;Top;0.0
C29;23.495;114.618;Top;90.0
C30;41.116;29.051;Top;90.0
C31;26.103;102.742;Top;180.0
C32;26.103;77.659;Top;180.0
C33;17.78;69.384;Top;90.0
C34;17.78;65.246;Top;270.0
C35;19.685;69.384;Top;90.0
C36;21.749;69.384;Top;90.0
C37;19.844;94.784;Top;90.0
C38;21.907;94.784;Top;90.0
C39;21.907;90.329;Top;270.0
C40;19.844;90.329;Top;270.0
C41;30.163;176.371;Top;90.0
C42;6.35;118.904;Top;90.0
C43;122.872;127.794;Bottom;180.0
C44;74.454;1.587;Top;0.0
C45;19.526;168.503;Top;0.0
C46;7.461;48.26;Top;0.0
C47;21.749;65.246;Top;270.0
C48;19.685;65.246;Top;270.0
C49;117.316;186.373;Top;180.0
C50;130.334;54.61;Top;270.0
C51;47.942;6.667;Top;0.0
C52;133.521;97.847;Top;90.0
C53;6.35;128.905;Top;90.0
C54;57.944;1.588;Top;0.0
C55;101.759;17.78;Top;90.0
C56;62.23;132.352;Top;90.0
C57;60.325;132.352;Top;90.0
C58;103.505;-0.794;Top;0.0
C59;115.411;194.786;Bottom;90.0
C60;57.471;79.521;Top;90.0
C61;60.484;108.753;Top;90.0
C62;122.872;126.365;Bottom;180.0
C63;122.872;125.095;Bottom;180.0
C64;122.872;123.508;Bottom;180.0
C65;127.317;187.325;Top;0.0
C66;91.599;-0.794;Top;0.0
C67;29.528;39.529;Top;0.0
C68;29.528;43.021;Top;0.0
C69;28.257;41.116;Top;0.0
C70;86.678;-10.319;Top;90.0
C71;25.718;29.051;Top;90.0
C73;130.651;178.911;Top;90.0
C74;117.157;145.097;Top;180.0
C75;37.465;42.863;Top;0.0
C76;37.465;41.275;Top;0.0
C77;31.591;46.037;Top;90.0
C78;35.878;46.037;Top;90.0
C79;120.174;145.097;Top;180.0
C80;121.602;147.32;Top;0.0
C81;121.444;141.764;Top;90.0
C82;121.602;138.906;Top;90.0
C83;121.444;135.255;Top;270.0
C84;117.157;135.255;Top;90.0
C85;123.666;84.931;Bottom;90.0
C86;120.471;106.045;Top;180.0
C88;78.423;193.516;Top;90.0
C89;121.761;37.624;Bottom;90.0
C90;120.015;129.223;Bottom;0.0
C91;119.856;84.931;Bottom;90.0
C92;121.761;84.931;Bottom;90.0
C93;127;86.36;Bottom;90.0
C94;56.531;48.49;Top;90.0
C95;120.015;127.794;Bottom;0.0
C96;120.015;126.365;Bottom;0.0
C97;120.015;124.936;Bottom;0.0
C98;120.015;123.508;Bottom;0.0
C99;125.571;-8.414;Bottom;270.0
C101;119.063;87.63;Bottom;0.0
C102;119.221;118.11;Bottom;0.0
C103;119.221;119.697;Bottom;0.0
C104;57.841;109.752;Top;90.0
C105;130.969;194.151;Top;0.0
C107;32.544;147.955;Top;270.0
C108;124.46;119.697;Bottom;180.0
C109;124.46;118.11;Bottom;180.0
C110;64.135;132.352;Top;90.0
C111;109.696;148.114;Top;270.0
D1;133.668;163.036;Top;270.0
D2;64.611;-0.699;Top;0.0
D3;133.572;-0.699;Top;0.0
D4;35.231;-0.699;Top;0.0
D5;118.11;172.085;Top;270.0
D6;118.11;168.434;Top;270.0
D7;7.132;-0.699;Top;0.0
D8;19.515;-0.699;Top;0.0
D11;9.525;93.98;Top;270.0
D12;9.525;68.58;Top;270.0
D13;118.779;-0.699;Top;0.0
D14;80.927;-0.626;Top;0.0
J1;140.057;80.963;Top;90.0
J2;35.009;-7.624;Top;0.0
J3;140.057;109.538;Top;90.0
J4;140.497;163.513;Top;90.0
J5;0.119;32.544;Top;270.0
J6;1.179;68.249;Top;270.0
J7;140.057;124.142;Top;90.0
J8;0.119;181.134;Top;270.0
J9;43.498;148.431;Top;180.0
J10;119.063;193.08;Top;180.0
J11;140.057;184.15;Top;90.0
J12;3.016;160.973;Top;90.0
J13;130.492;139.065;Top;0.0
J14;1.179;93.649;Top;270.0
J15;38.219;156.16;Top;0.0
J16;50.483;182.721;Top;0.0
J17;136.049;47.466;Top;270.0
J18;133.269;-7.624;Top;0.0
J19;0.119;126.524;Top;270.0
J20;0.119;116.523;Top;270.0
J21;10.319;43.18;Top;90.0
J22;120.65;183.833;Top;0.0
J23;118.476;-7.624;Top;0.0
J24;85.765;194.676;Top;0.0
J25;110.014;165.417;Top;270.0
J26;110.014;157.797;Top;90.0
J29;6.91;-7.624;Top;0.0
J30;19.293;-7.624;Top;0.0
J31;0.119;44.45;Top;270.0
J32;3.016;141.922;Top;90.0
J34;140.057;142.081;Top;90.0
J35;140.057;95.25;Top;90.0
J36;63.024;-7.624;Top;0.0
J37;49.847;-7.184;Top;0.0
J38;79.351;-7.551;Top;0.0
LED1;139.382;169.386;Top;0.0
LED2;61.837;2.064;Top;180.0
LED3;129.54;136.207;Top;90.0
LED4;132.874;120.174;Top;0.0
LED5;133.191;123.19;Top;0.0
LED6;131.604;111.601;Top;180.0
LED7;17.621;98.742;Top;270.0
LED8;17.145;73.184;Top;270.0
LED11;19.367;98.742;Top;270.0
LED12;33.897;2.064;Top;180.0
LED16;6.116;2.222;Top;180.0
LED17;18.181;2.064;Top;180.0
LED18;133.033;91.916;Top;0.0
LED19;133.033;93.662;Top;0.0
LED20;132.239;2.064;Top;180.0
LED21;117.445;2.064;Top;180.0
LED22;50.8;3.81;Top;180.0
LED23;78.324;2.136;Top;180.0
OLED1;70.485;61.69;Top;0.0
PSU1;60.325;75.248;Bottom;90.0
PSU2;60.325;98.743;Bottom;90.0
Q1;136.838;153.67;Top;270.0
Q2;34.925;9.045;Top;0.0
Q3;7.62;39.053;Top;0.0
Q4;136.838;134.461;Top;270.0
Q5;27.305;92.238;Top;180.0
Q6;27.146;66.838;Top;180.0
Q7;4.088;172.074;Top;270.0
Q8;129.699;122.714;Top;180.0
Q9;126.047;122.714;Top;180.0
Q10;22.16;101.506;Top;180.0
Q11;50.482;7.937;Top;90.0
Q14;6.826;9.203;Top;360.0
Q15;19.209;9.045;Top;0.0
Q16;117.316;9.045;Top;0.0
Q17;62.865;9.045;Top;0.0
Q18;135.171;9.045;Top;0.0
Q19;79.216;9.045;Top;0.0
R1;47.942;5.154;Top;0.0
R2;7.461;46.672;Top;0.0
R3;37.073;2.064;Top;180.0
R4;1.389;172.074;Top;270.0
R5;50.8;5.313;Top;0.0
R6;14.288;47.466;Top;90.0
R7;17.939;75.565;Top;0.0
R8;129.54;133.032;Top;90.0
R9;13.653;74.136;Top;0.0
R10;13.653;70.961;Top;0.0
R11;13.811;99.536;Top;0.0
R12;132.874;121.603;Top;0.0
R13;142.399;169.386;Top;360.0
R14;13.653;67.786;Top;0.0
R15;13.653;77.311;Top;0.0
R16;131.921;153.988;Top;90.0
R17;131.921;134.62;Top;90.0
R18;7.62;36.195;Top;180.0
R19;126.683;32.226;Top;270.0
R20;19.685;45.402;Top;90.0
R21;30.004;58.261;Top;90.0
R22;33.179;58.261;Top;90.0
R23;36.354;58.261;Top;90.0
R24;26.829;58.261;Top;90.0
R25;126.683;23.177;Top;270.0
R26;132.239;178.911;Top;90.0
R27;18.891;101.282;Top;0.0
R28;130.334;181.769;Top;0.0
R29;18.891;102.87;Top;180.0
R30;130.334;183.674;Top;0.0
R31;101.759;32.226;Top;270.0
R32;21.749;98.584;Top;0.0
R33;13.811;96.361;Top;0.0
R34;13.811;93.186;Top;0.0
R35;13.811;102.711;Top;0.0
R36;23.654;58.261;Top;90.0
R37;13.652;64.611;Top;0.0
R38;13.811;90.011;Top;0.0
R39;101.759;20.638;Top;270.0
R40;45.244;4.445;Top;90.0
R42;109.855;173.355;Top;0.0
R43;132.398;142.399;Bottom;90.0
R44;109.855;174.942;Top;0.0
R45;129.223;142.399;Bottom;270.0
R46;19.368;160.179;Top;0.0
R47;21.356;2.064;Top;180.0
R48;8.974;2.222;Top;180.0
R49;6.509;4.286;Top;180.0
R50;18.891;4.127;Top;180.0
R51;34.607;4.127;Top;180.0
R52;7.461;32.385;Top;0.0
R53;41.116;32.067;Top;270.0
R54;133.191;95.25;Top;0.0
R55;7.303;43.974;Top;0.0
R57;120.62;2.064;Top;180.0
R58;65.013;2.064;Top;180.0
R60;62.548;4.127;Top;180.0
R61;7.303;42.386;Top;0.0
R62;133.033;90.329;Top;0.0
R63;6.35;126.047;Top;90.0
R64;6.35;116.046;Top;90.0
R65;135.414;2.064;Top;180.0
R66;134.854;4.127;Top;180.0
R67;116.999;4.128;Top;180.0
R68;81.499;2.136;Top;180.0
R69;47.942;3.651;Top;0.0
R70;78.875;4.041;Top;180.0
R71;16.51;160.179;Top;180.0
R72;132.874;118.745;Top;180.0
R73;133.509;162.243;Bottom;270.0
R74;130.334;162.243;Bottom;270.0
R75;128.429;113.189;Top;0.0
R76;48.736;49.371;Top;180.0
R77;133.509;128.905;Bottom;90.0
R78;130.334;128.905;Bottom;270.0
R79;133.032;125.571;Top;180.0
R80;129.857;125.571;Top;0.01
R81;126.048;125.571;Top;0.0
R82;28.734;46.037;Top;90.0
R83;30.163;46.037;Top;270.0
R84;33.02;46.037;Top;90.0
R85;34.449;46.037;Top;90.0
R86;38.735;46.037;Top;90.0
R87;37.306;46.037;Top;90.0
R88;25.718;32.067;Top;270.0
R90;129.064;178.911;Top;90.0
R91;123.984;162.243;Bottom;270.0
R92;127.159;128.905;Bottom;270.0
R93;126.048;142.399;Bottom;270.0
R94;117.951;147.32;Top;90.0
R95;119.38;147.32;Top;90.0
R96;122.872;142.081;Top;90.0
R97;122.872;139.224;Top;90.0
R98;120.015;135.255;Top;270.0
R99;118.586;135.255;Top;270.0
R101;2.381;131.604;Top;180.0
R102;-2.223;131.604;Top;0.0
R103;54.522;53.251;Top;270.0
R104;100.806;34.925;Top;180.0
R105;100.806;36.513;Top;0.0
R106;104.299;71.279;Top;0.0
R107;104.299;69.85;Top;0.0
R108;127.159;181.134;Top;0.0
R109;126.365;182.563;Top;0.0
R110;117.455;106.045;Top;0.0
R140;127.159;162.243;Bottom;270.0
R141;94.774;-0.794;Top;180.0
R142;106.68;-0.635;Top;0.0
S1;20.638;30.162;Top;0.0
S2;131.763;30.797;Top;0.0
S3;103.029;84.772;Top;0.0
S4;131.763;21.749;Top;0.0
S5;96.679;30.797;Top;0.0
S6;96.679;19.209;Top;0.0
S7;131.604;174.149;Top;180.0
S8;35.878;30.162;Top;0.0
TP1;47.308;28.416;Top;180.0
TP2;16.51;23.971;Top;180.0
TP3;92.71;12.7;Top;180.0
TP4;49.848;1.905;Top;0.0
TP5;103.188;12.7;Top;180.0
TP6;140.494;28.258;Top;180.0
TP7;30.798;20.479;Top;180.0
TP8;130.016;169.386;Top;0.0
TP9;128.905;147.161;Top;0.0
TP10;1.27;23.971;Top;180.0
U1;117.911;46.365;Top;0.0
U2;129.858;190.659;Top;90.0
U3;27.305;180.499;Top;0.0
U4;26.103;75.119;Top;270.0
U5;129.858;107.156;Top;180.0
U6;21.264;120.249;Top;0.0
U7;26.103;100.202;Top;270.0
U9;30.877;173.116;Top;90.0
U10;74.533;-1.032;Top;0.0
U11;58.023;-1.032;Top;0.0
U12;117.374;103.446;Bottom;180.0
U13;81.598;140;Top;0.0
U16;22.146;43.576;Top;90.0
U17;92.869;-7.184;Top;0.0
U19;104.826;-7.184;Top;0.0
U20;16.59;43.576;Top;90.0
U21;21.272;149.384;Top;0.0
U24;104.775;100.965;Top;0.0
U26;33.496;41.434;Top;270.0
U27;118.11;139.859;Top;180.0
